{
  "GET/buyer/order " : {
    "transaction" : "GET/buyer/order ",
    "sampleCount" : 200,
    "errorCount" : 0,
    "errorPct" : 0.0,
    "meanResTime" : 2334.369999999999,
    "medianResTime" : 974.5,
    "minResTime" : 517.0,
    "maxResTime" : 8987.0,
    "pct1ResTime" : 5505.8,
    "pct2ResTime" : 6264.65,
    "pct3ResTime" : 8169.580000000005,
    "throughput" : 0.871315424896967,
    "receivedKBytesPerSec" : 4.309777956155408,
    "sentKBytesPerSec" : 0.2961111014298286
  },
  "GET/buyer/order/{id}" : {
    "transaction" : "GET/buyer/order/{id}",
    "sampleCount" : 200,
    "errorCount" : 0,
    "errorPct" : 0.0,
    "meanResTime" : 2387.500000000001,
    "medianResTime" : 1068.5,
    "minResTime" : 559.0,
    "maxResTime" : 8326.0,
    "pct1ResTime" : 5741.5,
    "pct2ResTime" : 6528.65,
    "pct3ResTime" : 7677.700000000004,
    "throughput" : 0.867396725577361,
    "receivedKBytesPerSec" : 0.22701398677219994,
    "sentKBytesPerSec" : 0.2998617586468611
  },
  "GET/seller/product" : {
    "transaction" : "GET/seller/product",
    "sampleCount" : 200,
    "errorCount" : 0,
    "errorPct" : 0.0,
    "meanResTime" : 3263.7949999999996,
    "medianResTime" : 1603.0,
    "minResTime" : 1045.0,
    "maxResTime" : 11003.0,
    "pct1ResTime" : 7852.300000000001,
    "pct2ResTime" : 8912.999999999996,
    "pct3ResTime" : 10667.380000000006,
    "throughput" : 0.9137009456804788,
    "receivedKBytesPerSec" : 2.27443721732377,
    "sentKBytesPerSec" : 0.3131924139978985
  },
  "POST/buyer/order" : {
    "transaction" : "POST/buyer/order",
    "sampleCount" : 200,
    "errorCount" : 200,
    "errorPct" : 100.0,
    "meanResTime" : 3811.760000000001,
    "medianResTime" : 1389.5,
    "minResTime" : 941.0,
    "maxResTime" : 12260.0,
    "pct1ResTime" : 9700.200000000003,
    "pct2ResTime" : 10520.9,
    "pct3ResTime" : 12176.420000000002,
    "throughput" : 0.8801848388161514,
    "receivedKBytesPerSec" : 0.2879510947298933,
    "sentKBytesPerSec" : 0.3601537572890307
  },
  "POST/auth/register" : {
    "transaction" : "POST/auth/register",
    "sampleCount" : 200,
    "errorCount" : 200,
    "errorPct" : 100.0,
    "meanResTime" : 1508.8550000000002,
    "medianResTime" : 742.0,
    "minResTime" : 204.0,
    "maxResTime" : 6034.0,
    "pct1ResTime" : 3932.500000000001,
    "pct2ResTime" : 4458.599999999998,
    "pct3ResTime" : 5708.55,
    "throughput" : 0.9369173545201578,
    "receivedKBytesPerSec" : 0.30559609024387957,
    "sentKBytesPerSec" : 0.5453151789980606
  },
  "GET/buyer/product/{id}" : {
    "transaction" : "GET/buyer/product/{id}",
    "sampleCount" : 200,
    "errorCount" : 0,
    "errorPct" : 0.0,
    "meanResTime" : 917.3000000000003,
    "medianResTime" : 437.0,
    "minResTime" : 123.0,
    "maxResTime" : 3801.0,
    "pct1ResTime" : 2246.2,
    "pct2ResTime" : 2766.8,
    "pct3ResTime" : 3525.84,
    "throughput" : 0.9052313318668586,
    "receivedKBytesPerSec" : 1.006893053707375,
    "sentKBytesPerSec" : 0.31117327032923264
  },
  "Total" : {
    "transaction" : "Total",
    "sampleCount" : 2200,
    "errorCount" : 1200,
    "errorPct" : 54.545456,
    "meanResTime" : 2116.6104545454546,
    "medianResTime" : 1108.0,
    "minResTime" : 0.0,
    "maxResTime" : 12260.0,
    "pct1ResTime" : 5745.8,
    "pct2ResTime" : 6978.649999999999,
    "pct3ResTime" : 9753.99,
    "throughput" : 9.243736318219824,
    "receivedKBytesPerSec" : 11.209999831932068,
    "sentKBytesPerSec" : 3.248109760965382
  },
  "GET/seller/product/{id}" : {
    "transaction" : "GET/seller/product/{id}",
    "sampleCount" : 200,
    "errorCount" : 200,
    "errorPct" : 100.0,
    "meanResTime" : 2536.8299999999995,
    "medianResTime" : 1269.5,
    "minResTime" : 572.0,
    "maxResTime" : 9190.0,
    "pct1ResTime" : 6249.6,
    "pct2ResTime" : 6998.75,
    "pct3ResTime" : 8905.640000000003,
    "throughput" : 0.9097897930683115,
    "receivedKBytesPerSec" : 0.2887516433078137,
    "sentKBytesPerSec" : 0.31807104093599176
  },
  "POST/seller/product" : {
    "transaction" : "POST/seller/product",
    "sampleCount" : 200,
    "errorCount" : 200,
    "errorPct" : 100.0,
    "meanResTime" : 0.7900000000000003,
    "medianResTime" : 1.0,
    "minResTime" : 0.0,
    "maxResTime" : 2.0,
    "pct1ResTime" : 1.0,
    "pct2ResTime" : 1.0,
    "pct3ResTime" : 2.0,
    "throughput" : 0.93023688482272,
    "receivedKBytesPerSec" : 2.273811447960223,
    "sentKBytesPerSec" : 0.0
  },
  "PUT /buyer/order/{id}" : {
    "transaction" : "PUT /buyer/order/{id}",
    "sampleCount" : 200,
    "errorCount" : 200,
    "errorPct" : 100.0,
    "meanResTime" : 2527.544999999999,
    "medianResTime" : 1234.0,
    "minResTime" : 283.0,
    "maxResTime" : 9251.0,
    "pct1ResTime" : 6067.1,
    "pct2ResTime" : 7208.649999999998,
    "pct3ResTime" : 9144.300000000001,
    "throughput" : 0.8681083051921558,
    "receivedKBytesPerSec" : 0.27552265545649474,
    "sentKBytesPerSec" : 0.3162152322623771
  },
  "DELETE/seller/product/{id} " : {
    "transaction" : "DELETE/seller/product/{id} ",
    "sampleCount" : 200,
    "errorCount" : 200,
    "errorPct" : 100.0,
    "meanResTime" : 2308.4250000000006,
    "medianResTime" : 1091.0,
    "minResTime" : 493.0,
    "maxResTime" : 9977.0,
    "pct1ResTime" : 6009.5,
    "pct2ResTime" : 6755.65,
    "pct3ResTime" : 8196.160000000003,
    "throughput" : 0.9060227864730799,
    "receivedKBytesPerSec" : 0.29374957530181883,
    "sentKBytesPerSec" : 0.33533460554032934
  },
  "POST/auth/login " : {
    "transaction" : "POST/auth/login ",
    "sampleCount" : 200,
    "errorCount" : 0,
    "errorPct" : 0.0,
    "meanResTime" : 1685.5450000000005,
    "medianResTime" : 906.0,
    "minResTime" : 367.0,
    "maxResTime" : 6045.0,
    "pct1ResTime" : 4071.7000000000003,
    "pct2ResTime" : 4865.45,
    "pct3ResTime" : 6042.380000000003,
    "throughput" : 0.9285697704111243,
    "receivedKBytesPerSec" : 0.4398011119623001,
    "sentKBytesPerSec" : 0.3881131462265246
  }
}